[13/09/22, 16.49.01] MENTORING FKI 2022 : â€Messages and calls are end-to-end encryp;te;d.;No;one;ou;tside;of;this;ch;at;, no;t even W;hatsApp;, c;an;read;or;li;st;en;t;o th;em.
[13/09/22, 16.49.01] rabbial azizah: â€rabbial azizah created this group;;;;;;;;;;;;;;;;;;;;;;;
[13/09/22, 16.49.01] MENTORING FKI 2022 : â€You were added;;;;;;;;;;;;;;;;;;;;;;;
[11/07/23, 11.16.47] â€ª+62Â 813â€‘4640â€‘2651â€¬: â€â€â€ª+62Â 813â€‘4640â€‘2651â€¬;c;ha;nged;th;eir;phone;n;umber;to;a;new;number.;â€Tap;to;m;essage;or;a;dd;t;he;new;number.
â€[18/07/23, 12.38.56] Alif KMF: â€image omitted;;;;;;;;;;;;;;;;;;;;;;;
[19/07/23, 19.22.02] Alif KMF: .;;;;;;;;;;;;;;;;;;;;;;;
[20/07/23, 15.36.18] â€ª+62Â 813â€‘2638â€‘9092â€¬: â€â€â€ª+62Â 813â€‘2638â€‘9092â€¬;c;ha;nged;th;eir;phone;n;umber;to;a;new;number.;â€Tap;to;m;essage;or;a;dd;t;he;new;number.
[22/07/23, 17.04.55] ~â€¯15/THARIQ KLOSTANTO: Telah Hilang IPhone XR Kuning, Case Cat;ur;H;itam;Pu;tih;, Seki;ta;r Bil;lia;rd;UMS;, Dapur;Bunda,;Kam;pu;s Satu;UM;S,;J;l.;A;hmad;Yani UMS, Makam Haji, Underpass Makam Haji-Jl, Luang Gatak-Jl. Raya Gawok- Tanjung- Juwiring. Bagi yang menemukan tolong hubungi nomer WA 0815-6763-4188
[22/07/23, 17.04.56] ~â€¯15/THARIQ KLOSTANTO: minta tolong sw, sg iiin ya gaesss;;;;;;;;;;;;;;;;;;;;;;;
[22/07/23, 17.06.32] Alif KMF: Okei;;;;;;;;;;;;;;;;;;;;;;;
[22/07/23, 21.15.58] ~â€¯15/THARIQ KLOSTANTO: alhamdulillah ketemu, tengkyuu gaes;;;;;;;;;;;;;;;;;;;;;;;
â€[24/07/23, 08.12.01] ~â€¯Yesyana: â€image omitted;;;;;;;;;;;;;;;;;;;;;;;
â€[24/07/23, 08.12.02] ~â€¯Yesyana: â€image omitted;;;;;;;;;;;;;;;;;;;;;;;
[24/07/23, 08.12.03] ~â€¯Yesyana: *ğŸ”Š PENGUMUMAN ğŸ”Š*;;;;;;;;;;;;;;;;;;;;;;;
;;;;;;;;;;;;;;;;;;;;;;;
Ditujukan kepada : *Mentee Takhasus Universitas Muhammadiyah Surakarta Tahun 2022/202;3*;;;;;;;;;;;;;;;;;;;;;;
;;;;;;;;;;;;;;;;;;;;;;;
â€¢â”ˆâ”ˆâ”ˆâ”ˆâ”ˆâ”ˆâ€¢â€ââœ¿ââ€â€¢â”ˆâ”ˆâ”ˆâ”ˆâ”ˆâ€¢;;;;;;;;;;;;;;;;;;;;;;;
;;;;;;;;;;;;;;;;;;;;;;;
_Ø§Ù„Ø³Ù„Ø§Ù… Ø¹Ù„ÙŠÙƒÙ… Ùˆ Ø±Ø­Ù…Ø© Ø§Ù„Ù„Ù‡ Ùˆ Ø¨Ø±ÙƒØ§ØªÙ‡_;;;;;;;;;;;;;;;;;;;;;;;
;;;;;;;;;;;;;;;;;;;;;;;
*â€¼ï¸INFORMASI TBAâ€¼ï¸*;;;;;;;;;;;;;;;;;;;;;;;
;;;;;;;;;;;;;;;;;;;;;;;
Berikut kami informasikan terkait *Tes Baca Al-Qur'an* yang akan dilaksanakan pada.;;;;;;;;;;;;;;;;;;;;;;;
;;;;;;;;;;;;;;;;;;;;;;;
ğŸ“† : *Selasa, 25 Juli 2023*;;;;;;;;;;;;;;;;;;;;;;;
ğŸ•– : *07.00 - 12.00 WIB*;;;;;;;;;;;;;;;;;;;;;;;
ğŸ¢ : *Gedung Fakultas Ekonomi dan Bisnis*;;;;;;;;;;;;;;;;;;;;;;;
;;;;;;;;;;;;;;;;;;;;;;;
*ğŸ–‡ï¸ Tautan _Drive_ Pembagian Ruangan dan Penguji :*;;;;;;;;;;;;;;;;;;;;;;;
https://drive.google.com/drive/folders/1WW9M_Jvl3bwIiSerC9cddNlJfhZATvIb?usp=drive_li;nk;;;;;;;;;;;;;;;;;;;;;;
;;;;;;;;;;;;;;;;;;;;;;;
*ğŸ“Prosedur Pelaksanaan :*;;;;;;;;;;;;;;;;;;;;;;;
1. Mentee dipanggil oleh tim pendamping;;;;;;;;;;;;;;;;;;;;;;;
2. Mentee masuk ke dalam ruang ujian;;;;;;;;;;;;;;;;;;;;;;;
3. Mentee melaksanakan TBA yang diuji oleh tim penguji berdasarkan ruangan yang telah;d;it;entu;kan;;;;;;;;;;;;;;;;;;;
4. Mentee melaksanakan Tes Baca Al-Qur'an (TBA);;;;;;;;;;;;;;;;;;;;;;;
;;;;;;;;;;;;;;;;;;;;;;;
â€¢â”ˆâ”ˆâ”ˆâ”ˆâ”ˆâ”ˆâ€¢â€ââœ¿ââ€â€¢â”ˆâ”ˆâ”ˆâ”ˆâ”ˆâ€¢;;;;;;;;;;;;;;;;;;;;;;;
;;;;;;;;;;;;;;;;;;;;;;;
*ğŸ“Œ Catatan :*;;;;;;;;;;;;;;;;;;;;;;;
*1. Mentee yang akan TOEP pada sesi pagi, maka pelaksanaan TBA siang hari, begitupun;se;ba;likn;ya,;si;lakan;me;nyesu;aik;an;*;;;;;;;;;;;;
*2. Mentee takhasus yang sudah mengambil mata kuliah Islam dan Ipteks tidak perlu men;gi;ku;ti T;BA*;;;;;;;;;;;;;;;;;;;
;;;;;;;;;;;;;;;;;;;;;;;
*â€¼ï¸Informasi Pentingâ€¼ï¸*;;;;;;;;;;;;;;;;;;;;;;;
*1. Mengambil mata kuliah Islam dan Ipteks = Lulus TBA*;;;;;;;;;;;;;;;;;;;;;;;
*2. TBA merupakan syarat mengambil mata kuliah Islam dan Ipteks*;;;;;;;;;;;;;;;;;;;;;;;
;;;;;;;;;;;;;;;;;;;;;;;
â€¢â”ˆâ”ˆâ”ˆâ”ˆâ”ˆâ”ˆâ€¢â€ââœ¿ââ€â€¢â”ˆâ”ˆâ”ˆâ”ˆâ”ˆâ€¢;;;;;;;;;;;;;;;;;;;;;;;
;;;;;;;;;;;;;;;;;;;;;;;
_Jazaakumullahu khairan katsiran_;;;;;;;;;;;;;;;;;;;;;;;
;;;;;;;;;;;;;;;;;;;;;;;
_Baarakallahu fiikum_;;;;;;;;;;;;;;;;;;;;;;;
;;;;;;;;;;;;;;;;;;;;;;;
_Ùˆ Ø§Ù„Ø³Ù„Ø§Ù… Ø¹Ù„ÙŠÙƒÙ… ÙˆØ±Ø­Ù…Ø© Ø§Ù„Ù„Ù‡ Ùˆ Ø¨Ø±ÙƒØ§ØªÙ‡_;;;;;;;;;;;;;;;;;;;;;;;
;;;;;;;;;;;;;;;;;;;;;;;
â€¢â”ˆâ”ˆâ”ˆâ”ˆâ”ˆâ”ˆâ€¢â€ââœ¿ââ€â€¢â”ˆâ”ˆâ”ˆâ”ˆâ”ˆâ€¢;;;;;;;;;;;;;;;;;;;;;;;
;;;;;;;;;;;;;;;;;;;;;;;
ğŸ“¡ Presented by;;;;;;;;;;;;;;;;;;;;;;;
KMP (Koordinator Mentoring Pusat);;;;;;;;;;;;;;;;;;;;;;;
;;;;;;;;;;;;;;;;;;;;;;;
â–â–â–â–â–â–â–â–â–â–â–â–;;;;;;;;;;;;;;;;;;;;;;;
ğŸ”  ```JOIN WITH OUR SOCIAL MEDIA```;;;;;;;;;;;;;;;;;;;;;;;
ğŸ“§ Surel : mentoring@ums.ac.id;;;;;;;;;;;;;;;;;;;;;;;
ğŸ“¸ IG : @mentoringums;;;;;;;;;;;;;;;;;;;;;;;
ğŸ“² Tiktok : mentoringums;;;;;;;;;;;;;;;;;;;;;;;
ğŸ“YT : Tv Mentoring;;;;;;;;;;;;;;;;;;;;;;;
ğŸ“½ï¸ Spotify : Mentoring Podcast;;;;;;;;;;;;;;;;;;;;;;;
ğŸŒ Website : lppik.ums.ac.id;;;;;;;;;;;;;;;;;;;;;;;
â–â–â–â–â–â–â–â–â–â–â–â–;;;;;;;;;;;;;;;;;;;;;;;
[25/07/23, 14.11.08] Alif KMF: Kepada Peserta Mentoring AIK 2022/2023 KELOMPOK TAKHAS;HU;SH;yan;g T;IDA;K HADI;R;pada;TBA;P;ASCA;MENTORI;NG 25 J;uli;2;023 |;08-Jan;2;WI;B;(h;ari;ini), untuk SEGERA JOIN GROUP TELEGRAM melalui tautan berikut: https://s.id/TBAUMS
â€[25/07/23, 20.12.14] Alif KMF: â€image omitted;;;;;;;;;;;;;;;;;;;;;;;
[10/08/23, 13.01.07] Alif KMF: *ğŸ”Š PENGUMUMAN ğŸ”Š*;;;;;;;;;;;;;;;;;;;;;;;
;;;;;;;;;;;;;;;;;;;;;;;
Ditujukan kepada : *Mentee Takhasus Universitas Muhammadiyah Surakarta Tahun 2022/202;3*;;;;;;;;;;;;;;;;;;;;;;
;;;;;;;;;;;;;;;;;;;;;;;
â€¢â”ˆâ”ˆâ”ˆâ”ˆâ”ˆâ”ˆâ€¢â€ââœ¿ââ€â€¢â”ˆâ”ˆâ”ˆâ”ˆâ”ˆâ€¢;;;;;;;;;;;;;;;;;;;;;;;
;;;;;;;;;;;;;;;;;;;;;;;
_Ø§Ù„Ø³Ù„Ø§Ù… Ø¹Ù„ÙŠÙƒÙ… Ùˆ Ø±Ø­Ù…Ø© Ø§Ù„Ù„Ù‡ Ùˆ Ø¨Ø±ÙƒØ§ØªÙ‡_;;;;;;;;;;;;;;;;;;;;;;;
;;;;;;;;;;;;;;;;;;;;;;;
*â€¼ï¸INFORMASI TBAâ€¼ï¸*;;;;;;;;;;;;;;;;;;;;;;;
;;;;;;;;;;;;;;;;;;;;;;;
Berikut kami informasikan terkait *Pengumuman Lulus Tes Baca Al-Qur'an* yang telah di;la;ks;anak;an;pad;a hari;*;Selas;a,;25;Jul;i 2023 d;i Gedun;g F;ak;ultas;Eko;no;mi;d;an;Bis;nis*.
;;;;;;;;;;;;;;;;;;;;;;;
*ğŸ–‡ï¸ Tautan _Drive_ Pengumuman Lulus :*;;;;;;;;;;;;;;;;;;;;;;;
https://drive.google.com/drive/folders/13c8EV3ZSgI-viVn4ORrmqVAXGqmQtRMF;;;;;;;;;;;;;;;;;;;;;;;
;;;;;;;;;;;;;;;;;;;;;;;
â€¢â”ˆâ”ˆâ”ˆâ”ˆâ”ˆâ”ˆâ€¢â€ââœ¿ââ€â€¢â”ˆâ”ˆâ”ˆâ”ˆâ”ˆâ€¢;;;;;;;;;;;;;;;;;;;;;;;
;;;;;;;;;;;;;;;;;;;;;;;
*â€¼ï¸Informasi Pentingâ€¼ï¸*;;;;;;;;;;;;;;;;;;;;;;;
*1. Mengambil mata kuliah Islam dan Ipteks = Lulus TBA*;;;;;;;;;;;;;;;;;;;;;;;
*2. TBA merupakan syarat mengambil mata kuliah Islam dan Ipteks*;;;;;;;;;;;;;;;;;;;;;;;
;;;;;;;;;;;;;;;;;;;;;;;
â€¢â”ˆâ”ˆâ”ˆâ”ˆâ”ˆâ”ˆâ€¢â€ââœ¿ââ€â€¢â”ˆâ”ˆâ”ˆâ”ˆâ”ˆâ€¢;;;;;;;;;;;;;;;;;;;;;;;
;;;;;;;;;;;;;;;;;;;;;;;
_Jazaakumullahu khairan katsiran_;;;;;;;;;;;;;;;;;;;;;;;
;;;;;;;;;;;;;;;;;;;;;;;
_Baarakallahu fiikum_;;;;;;;;;;;;;;;;;;;;;;;
;;;;;;;;;;;;;;;;;;;;;;;
_Ùˆ Ø§Ù„Ø³Ù„Ø§Ù… Ø¹Ù„ÙŠÙƒÙ… ÙˆØ±Ø­Ù…Ø© Ø§Ù„Ù„Ù‡ Ùˆ Ø¨Ø±ÙƒØ§ØªÙ‡_;;;;;;;;;;;;;;;;;;;;;;;
;;;;;;;;;;;;;;;;;;;;;;;
â€¢â”ˆâ”ˆâ”ˆâ”ˆâ”ˆâ”ˆâ€¢â€ââœ¿ââ€â€¢â”ˆâ”ˆâ”ˆâ”ˆâ”ˆâ€¢;;;;;;;;;;;;;;;;;;;;;;;
;;;;;;;;;;;;;;;;;;;;;;;
ğŸ“¡ Presented by;;;;;;;;;;;;;;;;;;;;;;;
KMP (Koordinator Mentoring Pusat);;;;;;;;;;;;;;;;;;;;;;;
;;;;;;;;;;;;;;;;;;;;;;;
â–â–â–â–â–â–â–â–â–â–â–â–;;;;;;;;;;;;;;;;;;;;;;;
ğŸ”  ```JOIN WITH OUR SOCIAL MEDIA```;;;;;;;;;;;;;;;;;;;;;;;
ğŸ“§ Surel : mentoring@ums.ac.id;;;;;;;;;;;;;;;;;;;;;;;
ğŸ“¸ IG : @mentoringums;;;;;;;;;;;;;;;;;;;;;;;
ğŸ“² Tiktok : mentoringums;;;;;;;;;;;;;;;;;;;;;;;
ğŸ“YT : Tv Mentoring;;;;;;;;;;;;;;;;;;;;;;;
ğŸ“½ï¸ Spotify : Mentoring Podcast;;;;;;;;;;;;;;;;;;;;;;;
ğŸŒ Website : lppik.ums.ac.id;;;;;;;;;;;;;;;;;;;;;;;
â–â–â–â–â–â–â–â–â–â–â–â–;;;;;;;;;;;;;;;;;;;;;;;
[10/08/23, 13.07.09] Alif KMF: Assalamualaikum;;;;;;;;;;;;;;;;;;;;;;;
Untuk mentee takhasus yang nggak lulus tes TBA, tolong masuk di grup ini ya. Dan coba;t;an;ya d;i g;rup;teleg;ra;mnya;itu;b;akal;ada tes;lagi k;apa;n;;;;;;;;
Makasih;;;;;;;;;;;;;;;;;;;;;;;
[11/08/23, 21.46.20] Alif KMF: *ğŸ”Š PENGUMUMAN ğŸ”Š*;;;;;;;;;;;;;;;;;;;;;;;
;;;;;;;;;;;;;;;;;;;;;;;
Ditujukan kepada : *Mentee Takhasus/ Mahasiswa Universitas Muhammadiyah Surakarta*;;;;;;;;;;;;;;;;;;;;;;;
;;;;;;;;;;;;;;;;;;;;;;;
â€¢â”ˆâ”ˆâ”ˆâ”ˆâ”ˆâ”ˆâ€¢â€ââœ¿ââ€â€¢â”ˆâ”ˆâ”ˆâ”ˆâ”ˆâ€¢;;;;;;;;;;;;;;;;;;;;;;;
;;;;;;;;;;;;;;;;;;;;;;;
_Ø§Ù„Ø³Ù„Ø§Ù… Ø¹Ù„ÙŠÙƒÙ… Ùˆ Ø±Ø­Ù…Ø© Ø§Ù„Ù„Ù‡ Ùˆ Ø¨Ø±ÙƒØ§ØªÙ‡_;;;;;;;;;;;;;;;;;;;;;;;
;;;;;;;;;;;;;;;;;;;;;;;
*â€¼ï¸INFORMASI TBA AGUSTUS PERIODE KE-3â€¼ï¸*;;;;;;;;;;;;;;;;;;;;;;;
;;;;;;;;;;;;;;;;;;;;;;;
Berikut kami informasikan terkait *Pendaftaran Tes Baca Al-Qur'an Agustus Periode ke-;3*;y;ang;aka;n d;ilaksa;na;kan p;ada;.;;;;;;;;;;;;;
;;;;;;;;;;;;;;;;;;;;;;;
ğŸ“† : *Rabu, 16 Agustus 2023*;;;;;;;;;;;;;;;;;;;;;;;
ğŸ•™ : *Menunggu Informasi dari Ustadz Penguji Via _WhatsApp_ Grup TBA0823-03*;;;;;;;;;;;;;;;;;;;;;;;
ğŸ¢ : *Kantor LPPIK (Luring)*;;;;;;;;;;;;;;;;;;;;;;;
;;;;;;;;;;;;;;;;;;;;;;;
*ğŸ–‡ï¸ Tautan Pendaftaran :*;;;;;;;;;;;;;;;;;;;;;;;
https://s.id/1Smms;;;;;;;;;;;;;;;;;;;;;;;
;;;;;;;;;;;;;;;;;;;;;;;
*ğŸ“PENDAFTARAN DITUTUP PADA HARI SENIN, 14 AGUSTUS 2023 PUKUL 13.00 WIB ğŸ“*;;;;;;;;;;;;;;;;;;;;;;;
;;;;;;;;;;;;;;;;;;;;;;;
â€¢â”ˆâ”ˆâ”ˆâ”ˆâ”ˆâ”ˆâ€¢â€ââœ¿ââ€â€¢â”ˆâ”ˆâ”ˆâ”ˆâ”ˆâ€¢;;;;;;;;;;;;;;;;;;;;;;;
;;;;;;;;;;;;;;;;;;;;;;;
*â€¼ï¸CATATANâ€¼ï¸*;;;;;;;;;;;;;;;;;;;;;;;
*Bagi MENTEE TAKHASUS yang BELUM TBA, dapat MENGIKUTI TES tersebut (silakan mendaftar;t;er;lebi;h d;ahu;lu pad;a;tauta;n d;i;atas;!). Pun,;jika s;ete;la;h dila;kuk;an;t;es;,;dium;umkan/ dinyatakan LULUS, maka dapat mengambil mata kuliah ISLAM dan IPTEKS.*
;;;;;;;;;;;;;;;;;;;;;;;
â€¢â”ˆâ”ˆâ”ˆâ”ˆâ”ˆâ”ˆâ€¢â€ââœ¿ââ€â€¢â”ˆâ”ˆâ”ˆâ”ˆâ”ˆâ€¢;;;;;;;;;;;;;;;;;;;;;;;
;;;;;;;;;;;;;;;;;;;;;;;
*â€¼ï¸INFORMASI PENTINGâ€¼ï¸*;;;;;;;;;;;;;;;;;;;;;;;
*1. Mengambil mata kuliah Islam dan Ipteks = Lulus TBA*;;;;;;;;;;;;;;;;;;;;;;;
*2. TBA merupakan syarat mengambil mata kuliah Islam dan Ipteks*;;;;;;;;;;;;;;;;;;;;;;;
;;;;;;;;;;;;;;;;;;;;;;;
â€¢â”ˆâ”ˆâ”ˆâ”ˆâ”ˆâ”ˆâ€¢â€ââœ¿ââ€â€¢â”ˆâ”ˆâ”ˆâ”ˆâ”ˆâ€¢;;;;;;;;;;;;;;;;;;;;;;;
;;;;;;;;;;;;;;;;;;;;;;;
_Jazaakumullahu khairan katsiran_;;;;;;;;;;;;;;;;;;;;;;;
;;;;;;;;;;;;;;;;;;;;;;;
_Baarakallahu fiikum_;;;;;;;;;;;;;;;;;;;;;;;
;;;;;;;;;;;;;;;;;;;;;;;
_Ùˆ Ø§Ù„Ø³Ù„Ø§Ù… Ø¹Ù„ÙŠÙƒÙ… ÙˆØ±Ø­Ù…Ø© Ø§Ù„Ù„Ù‡ Ùˆ Ø¨Ø±ÙƒØ§ØªÙ‡_;;;;;;;;;;;;;;;;;;;;;;;
;;;;;;;;;;;;;;;;;;;;;;;
â€¢â”ˆâ”ˆâ”ˆâ”ˆâ”ˆâ”ˆâ€¢â€ââœ¿ââ€â€¢â”ˆâ”ˆâ”ˆâ”ˆâ”ˆâ€¢;;;;;;;;;;;;;;;;;;;;;;;
;;;;;;;;;;;;;;;;;;;;;;;
ğŸ“¡ Presented by;;;;;;;;;;;;;;;;;;;;;;;
KMP (Koordinator Mentoring Pusat);;;;;;;;;;;;;;;;;;;;;;;
;;;;;;;;;;;;;;;;;;;;;;;
â–â–â–â–â–â–â–â–â–â–â–â–;;;;;;;;;;;;;;;;;;;;;;;
ğŸ”  ```JOIN WITH OUR SOCIAL MEDIA```;;;;;;;;;;;;;;;;;;;;;;;
ğŸ“§ Surel : mentoring@ums.ac.id;;;;;;;;;;;;;;;;;;;;;;;
ğŸ“¸ IG : @mentoringums;;;;;;;;;;;;;;;;;;;;;;;
ğŸ“² Tiktok : mentoringums;;;;;;;;;;;;;;;;;;;;;;;
ğŸ“YT : Tv Mentoring;;;;;;;;;;;;;;;;;;;;;;;
ğŸ“½ï¸ Spotify : Mentoring Podcast;;;;;;;;;;;;;;;;;;;;;;;
ğŸŒ Website : lppik.ums.ac.id;;;;;;;;;;;;;;;;;;;;;;;
â–â–â–â–â–â–â–â–â–â–â–â–;;;;;;;;;;;;;;;;;;;;;;;
[05/09/23, 10.28.32] â€ª+62Â 813â€‘2855â€‘8819â€¬: â€â€â€ª+62Â 813â€‘2855â€‘8819â€¬;c;ha;nged;th;eir;phone;n;umber;to;a;new;number.;â€Tap;to;m;essage;or;a;dd;t;he;new;number.
â€[12/09/23, 13.00.37] rindi ti 22: â€image omitted;;;;;;;;;;;;;;;;;;;;;;;
[12/09/23, 16.16.55] â€ª+62Â 823â€‘2954â€‘5933â€¬: â€â€â€ª+62Â 823â€‘2954â€‘5933â€¬;c;ha;nged;th;eir;phone;n;umber;to;a;new;number.;â€Tap;to;m;essage;or;a;dd;t;he;new;number.
[13/09/23, 21.26.12] Alif KMF: _____________ ï·½ _____________;;;;;;;;;;;;;;;;;;;;;;;
Assalamualaikum Warahmatullahi Wabarakaatuh;;;;;;;;;;;;;;;;;;;;;;;
;;;;;;;;;;;;;;;;;;;;;;;
â” ğŸ“£ğŸ“£ â”â”â”â”â”â”â”â”â”â”â”â”â”â”â”â”â”â”“;;;;;;;;;;;;;;;;;;;;;;;
INFORMASI KELULUSAN MENTEE FKI 2022/2023;;;;;;;;;;;;;;;;;;;;;;;
â”—â”â”â”â”â”â”â”â”â”â”â”â”â”â”â”â”â”â”ğŸ€âœ¨â”›;;;;;;;;;;;;;;;;;;;;;;;
;;;;;;;;;;;;;;;;;;;;;;;
Informasi :;;;;;;;;;;;;;;;;;;;;;;;
1. Sertifikat masih dalam proses pengerjaan.;;;;;;;;;;;;;;;;;;;;;;;
2. Untuk mentee yang ingin komplain perihal nilai, kesalahan nim dan bisa menghubungi;c;p;tert;era;;;;;;;;;;;;;;;;;;;
3. Yang ingin komplain ditunggu sampai besok pukul 09.00 WIB;;;;;;;;;;;;;;;;;;;;;;;
;;;;;;;;;;;;;;;;;;;;;;;
Berikut link kelulusan mentee FKI 2022 :;;;;;;;;;;;;;;;;;;;;;;;
https://bit.ly/KelulusanMenteeFKI2022;;;;;;;;;;;;;;;;;;;;;;;
;;;;;;;;;;;;;;;;;;;;;;;
CP  : 0821-3308-5243;;;;;;;;;;;;;;;;;;;;;;;
;;;;;;;;;;;;;;;;;;;;;;;
â–¬â–¬â–¬â–¬â–¬â–¬â€¢â—‡âœ¿â—‡â€¢â–¬â–¬â–¬â–¬â–¬â–¬;;;;;;;;;;;;;;;;;;;;;;;
;;;;;;;;;;;;;;;;;;;;;;;
Jazaakumullahu khairan katsiran;;;;;;;;;;;;;;;;;;;;;;;
Baarakallahu fiikum;;;;;;;;;;;;;;;;;;;;;;;
;;;;;;;;;;;;;;;;;;;;;;;
Wassalamu'alaikum Warahmatullahi Wabarakaatuh;;;;;;;;;;;;;;;;;;;;;;;
;;;;;;;;;;;;;;;;;;;;;;;
â€¢â”ˆâ”ˆâ”ˆâ”ˆâ”ˆâ”ˆâ€¢â€ââœ¿ââ€â€¢â”ˆâ”ˆâ”ˆâ”ˆâ”ˆâ€¢;;;;;;;;;;;;;;;;;;;;;;;
;;;;;;;;;;;;;;;;;;;;;;;
ğŸ“¡ Presented by :;;;;;;;;;;;;;;;;;;;;;;;
KMF-KI (Koordinator Mentoring Fakultas Komunikasi & Informatika);;;;;;;;;;;;;;;;;;;;;;;
;;;;;;;;;;;;;;;;;;;;;;;
â–â–â–â–â–â–â–â–â–â–â–;;;;;;;;;;;;;;;;;;;;;;;
ğŸ”  JOIN WITH OUR SOCIAL MEDIA;;;;;;;;;;;;;;;;;;;;;;;
ğŸ“§Surel :mentoringumsfki@gmail.com;;;;;;;;;;;;;;;;;;;;;;;
ğŸ“¸ IG : @mentoringfkiums;;;;;;;;;;;;;;;;;;;;;;;
[13/09/23, 21.28.10] ~â€¯Yesyana: Semoga hasilnya memuaskan yha temanÂ²ğŸ’;;;;;;;;;;;;;;;;;;;;;;;
[13/09/23, 21.33.25] ~â€¯stiven: alhamdulillah ya Allah;;;;;;;;;;;;;;;;;;;;;;;
[13/09/23, 21.33.51] Faiz TI 22: akhirnya dh ga di belakang sipilâ˜ºï¸;;;;;;;;;;;;;;;;;;;;;;;
[13/09/23, 21.33.55] ~â€¯RAMAA: Alhamdulillah;;;;;;;;;;;;;;;;;;;;;;;
[13/09/23, 21.34.02] rohmad mentoring: Alhamdulillah;;;;;;;;;;;;;;;;;;;;;;;
[13/09/23, 21.34.38] Jajar TI 22: Alhamdulillah;;;;;;;;;;;;;;;;;;;;;;;
[13/09/23, 21.34.45] ~â€¯â€ ã…¤: Alhamdulillah;;;;;;;;;;;;;;;;;;;;;;;
[13/09/23, 21.34.49] ~â€¯Yesyana: â€This message was deleted.;;;;;;;;;;;;;;;;;;;;;;;
â€[13/09/23, 21.35.22] Jajar TI 22: â€sticker omitted;;;;;;;;;;;;;;;;;;;;;;;
[13/09/23, 21.37.59] ~â€¯Pamungkas: alhamdulillah ya Allah;;;;;;;;;;;;;;;;;;;;;;;
â€[13/09/23, 21.38.34] ~â€¯Nirot: â€sticker omitted;;;;;;;;;;;;;;;;;;;;;;;
â€[13/09/23, 21.42.37] ~â€¯Aldino: â€sticker omitted;;;;;;;;;;;;;;;;;;;;;;;
[13/09/23, 21.44.43] ~â€¯AisHa~ğŸœâœ¨: Alhamdulillah;;;;;;;;;;;;;;;;;;;;;;;
[14/09/23, 06.54.50] Alif KMF: *INFORMASI*;;;;;;;;;;;;;;;;;;;;;;;
Persentase Penilaian :;;;;;;;;;;;;;;;;;;;;;;;
Ujian Mentoring = 50%;;;;;;;;;;;;;;;;;;;;;;;
Cinta Shubuh + Tabligh Akbar = 25%;;;;;;;;;;;;;;;;;;;;;;;
Presensi Mentoring = 25%;;;;;;;;;;;;;;;;;;;;;;;
[14/09/23, 09.59.09] Alif KMF: Untuk komplain udah aku tutup, terimakasih yang sudah;ko;mp;lain;sa;mpa;i deti;k;ini,;tun;gg;u ka;bar dari;aku ya;;;;;;;;;;
[14/09/23, 10.08.25] Labib Awwam: alhamdulillah aman mas alif;;;;;;;;;;;;;;;;;;;;;;;
[14/09/23, 10.08.48] ~â€¯Adesfara: Pun lulus boss;;;;;;;;;;;;;;;;;;;;;;;
[14/09/23, 10.09.32] ~â€¯revito pradipa: alhamdulillah;;;;;;;;;;;;;;;;;;;;;;;
â€[14/09/23, 10.10.05] ~â€¯tamim: â€sticker omitted;;;;;;;;;;;;;;;;;;;;;;;
â€[14/09/23, 10.10.51] rohmad mentoring: â€sticker omitted;;;;;;;;;;;;;;;;;;;;;;;
â€[14/09/23, 10.11.16] ~â€¯Adesfara: â€sticker omitted;;;;;;;;;;;;;;;;;;;;;;;
â€[14/09/23, 10.11.33] ~â€¯Mas Duns: â€sticker omitted;;;;;;;;;;;;;;;;;;;;;;;
â€[14/09/23, 10.12.01] rohmad mentoring: â€sticker omitted;;;;;;;;;;;;;;;;;;;;;;;
â€[14/09/23, 10.12.12] Labib Awwam: â€sticker omitted;;;;;;;;;;;;;;;;;;;;;;;
â€[14/09/23, 10.12.36] Dizzo TI 22: â€sticker omitted;;;;;;;;;;;;;;;;;;;;;;;
â€[14/09/23, 10.12.37] Dizzo TI 22: â€sticker omitted;;;;;;;;;;;;;;;;;;;;;;;
[14/09/23, 10.12.43] ~â€¯Adesfara: â€This message was deleted.;;;;;;;;;;;;;;;;;;;;;;;
â€[14/09/23, 10.13.03] rohmad mentoring: â€sticker omitted;;;;;;;;;;;;;;;;;;;;;;;
â€[14/09/23, 10.14.15] ~â€¯Adesfara: â€sticker omitted;;;;;;;;;;;;;;;;;;;;;;;
â€[14/09/23, 10.14.40] Faiz TI 22: â€sticker omitted;;;;;;;;;;;;;;;;;;;;;;;
â€[14/09/23, 10.16.12] ~â€¯Adesfara: â€sticker omitted;;;;;;;;;;;;;;;;;;;;;;;
â€[14/09/23, 10.16.20] ~â€¯bagasÂ°: â€sticker omitted;;;;;;;;;;;;;;;;;;;;;;;
â€[14/09/23, 10.17.06] Dizzo TI 22: â€sticker omitted;;;;;;;;;;;;;;;;;;;;;;;
â€[14/09/23, 10.18.15] Labib Awwam: â€sticker omitted;;;;;;;;;;;;;;;;;;;;;;;
[25/09/23, 20.35.16] rindi ti 22: â€This message was deleted.;;;;;;;;;;;;;;;;;;;;;;;
â€[25/09/23, 20.37.44] rindi ti 22: â€image omitted;;;;;;;;;;;;;;;;;;;;;;;
[01/10/23, 00.50.55] â€ª+62Â 823â€‘1492â€‘8811â€¬: â€â€â€ª+62Â 823â€‘1492â€‘8811â€¬;c;ha;nged;th;eir;phone;n;umber;to;a;new;number.;â€Tap;to;m;essage;or;a;dd;t;he;new;number.
[02/10/23, 10.38.17] â€ª+62Â 821â€‘3326â€‘6121â€¬: â€â€â€ª+62Â 821â€‘3326â€‘6121â€¬;c;ha;nged;th;eir;phone;n;umber;to;a;new;number.;â€Tap;to;m;essage;or;a;dd;t;he;new;number.
[03/10/23, 18.36.28] â€ª+62Â 858â€‘1997â€‘4371â€¬: â€â€â€ª+62Â 858â€‘1997â€‘4371â€¬;c;ha;nged;th;eir;phone;n;umber;to;a;new;number.;â€Tap;to;m;essage;or;a;dd;t;he;new;number.
[04/10/23, 18.41.05] ~â€¯babah: â€This message was deleted.;;;;;;;;;;;;;;;;;;;;;;;
[06/10/23, 16.16.56] Alif KMF: *ğŸ”Š PENGUMUMAN ğŸ”Š*;;;;;;;;;;;;;;;;;;;;;;;
;;;;;;;;;;;;;;;;;;;;;;;
Ditujukan kepada : *Mentee Mentoring Reguler Universitas Muhammadiyah Surakarta Tahun;2;2;Feb-20;23*;;;;;;;;;;;;;;;;;;;
;;;;;;;;;;;;;;;;;;;;;;;
â€¢â”ˆâ”ˆâ”ˆâ”ˆâ”ˆâ”ˆâ€¢â€ââœ¿ââ€â€¢â”ˆâ”ˆâ”ˆâ”ˆâ”ˆâ€¢;;;;;;;;;;;;;;;;;;;;;;;
;;;;;;;;;;;;;;;;;;;;;;;
_Ø§Ù„Ø³Ù„Ø§Ù… Ø¹Ù„ÙŠÙƒÙ… Ùˆ Ø±Ø­Ù…Ø© Ø§Ù„Ù„Ù‡ Ùˆ Ø¨Ø±ÙƒØ§ØªÙ‡_;;;;;;;;;;;;;;;;;;;;;;;
;;;;;;;;;;;;;;;;;;;;;;;
*â€¼ï¸INFORMASI PENGUMUMAN KELULUSAN MENTORING UMSâ€¼ï¸*;;;;;;;;;;;;;;;;;;;;;;;
;;;;;;;;;;;;;;;;;;;;;;;
Berikut kami informasikan terkait *Pengumuman Kelulusan bagi Mentee Mentoring Reguler;U;MS;Tah;un;202;Feb-23;*.;;;;;;;;;;;;;;;;
;;;;;;;;;;;;;;;;;;;;;;;
*ğŸ–‡ï¸ Tautan Pengumuman Kelulusan :*;;;;;;;;;;;;;;;;;;;;;;;
https://bit.ly/KELULUSANMENTORINGNEW20222023;;;;;;;;;;;;;;;;;;;;;;;
;;;;;;;;;;;;;;;;;;;;;;;
*ğŸ“PENGUMUMAN KELULUSAN BERSIFAT FINALğŸ“*;;;;;;;;;;;;;;;;;;;;;;;
;;;;;;;;;;;;;;;;;;;;;;;
â€¢â”ˆâ”ˆâ”ˆâ”ˆâ”ˆâ”ˆâ€¢â€ââœ¿ââ€â€¢â”ˆâ”ˆâ”ˆâ”ˆâ”ˆâ€¢;;;;;;;;;;;;;;;;;;;;;;;
;;;;;;;;;;;;;;;;;;;;;;;
*â€¼ï¸Catatan : â€¼ï¸*;;;;;;;;;;;;;;;;;;;;;;;
*1. Kegiatan Mentoring dijadikan syarat untuk mengambil mata kuliah Kemuhammadiyahan.;*;;;;;;;;;;;;;;;;;;;;;;
;;;;;;;;;;;;;;;;;;;;;;;
â€¢â”ˆâ”ˆâ”ˆâ”ˆâ”ˆâ”ˆâ€¢â€ââœ¿ââ€â€¢â”ˆâ”ˆâ”ˆâ”ˆâ”ˆâ€¢;;;;;;;;;;;;;;;;;;;;;;;
;;;;;;;;;;;;;;;;;;;;;;;
_Jazaakumullahu khairan katsiran_;;;;;;;;;;;;;;;;;;;;;;;
;;;;;;;;;;;;;;;;;;;;;;;
_Baarakallahu fiikum_;;;;;;;;;;;;;;;;;;;;;;;
;;;;;;;;;;;;;;;;;;;;;;;
_Ùˆ Ø§Ù„Ø³Ù„Ø§Ù… Ø¹Ù„ÙŠÙƒÙ… ÙˆØ±Ø­Ù…Ø© Ø§Ù„Ù„Ù‡ Ùˆ Ø¨Ø±ÙƒØ§ØªÙ‡_;;;;;;;;;;;;;;;;;;;;;;;
;;;;;;;;;;;;;;;;;;;;;;;
â€¢â”ˆâ”ˆâ”ˆâ”ˆâ”ˆâ”ˆâ€¢â€ââœ¿ââ€â€¢â”ˆâ”ˆâ”ˆâ”ˆâ”ˆâ€¢;;;;;;;;;;;;;;;;;;;;;;;
;;;;;;;;;;;;;;;;;;;;;;;
ğŸ“¡ Presented by;;;;;;;;;;;;;;;;;;;;;;;
KMP (Koordinator Mentoring Pusat);;;;;;;;;;;;;;;;;;;;;;;
;;;;;;;;;;;;;;;;;;;;;;;
â–â–â–â–â–â–â–â–â–â–â–â–;;;;;;;;;;;;;;;;;;;;;;;
ğŸ”  ```JOIN WITH OUR SOCIAL MEDIA```;;;;;;;;;;;;;;;;;;;;;;;
ğŸ“§ Surel : mentoring@ums.ac.id;;;;;;;;;;;;;;;;;;;;;;;
ğŸ“¸ IG : @mentoringums;;;;;;;;;;;;;;;;;;;;;;;
ğŸ“² Tiktok : mentoringums;;;;;;;;;;;;;;;;;;;;;;;
ğŸ“YT : Tv Mentoring;;;;;;;;;;;;;;;;;;;;;;;
ğŸ“½ï¸ Spotify : Mentoring Podcast;;;;;;;;;;;;;;;;;;;;;;;
ğŸŒ Website : lppik.ums.ac.id;;;;;;;;;;;;;;;;;;;;;;;
â–â–â–â–â–â–â–â–â–â–â–â–;;;;;;;;;;;;;;;;;;;;;;;
[06/10/23, 16.17.03] Alif KMF: Yang revisi kemarin bisa dilihat lagi;;;;;;;;;;;;;;;;;;;;;;;
[06/10/23, 16.54.43] Alif KMF: Yang komplain kemarin aku tunggu konfirmasi kalian sam;pa;i;17.3;0;;;;;;;;;;;;;;;;;;;
[06/10/23, 17.17.01] Alif KMF: Pakai akun ums bukanya;;;;;;;;;;;;;;;;;;;;;;;
â€[16/10/23, 10.56.35] Zharfan Onetian: â€image omitted;;;;;;;;;;;;;;;;;;;;;;;
[16/10/23, 10.56.39] Zharfan Onetian: ğŸš¨PANGGILAN BUAT PARA MAHASISWAğŸš¨;;;;;;;;;;;;;;;;;;;;;;;
;;;;;;;;;;;;;;;;;;;;;;;
SISA 4 HARI LAGI !!;;;;;;;;;;;;;;;;;;;;;;;
;;;;;;;;;;;;;;;;;;;;;;;
Buruan daftar GoCampus Ambassador Gojek!;;;;;;;;;;;;;;;;;;;;;;;
Banyak banget manfaat yang bisa kamu dapetin, gaes~;;;;;;;;;;;;;;;;;;;;;;;
Hadiahn Puluhan Juta Rupiah, Uang Saku, self Developement Hingga kesempatan internshi;p;di;Goj;ek;ğŸ¤;©;;;;;;;;;;;;;;;;;
;;;;;;;;;;;;;;;;;;;;;;;
Emang boleh se-campus ini?;;;;;;;;;;;;;;;;;;;;;;;
Daftar GoCampus sekarang!;;;;;;;;;;;;;;;;;;;;;;;
Klink link berikut untuk detail program: https://www.gojek.com/blog/gojek/gocampus/;;;;;;;;;;;;;;;;;;;;;;;
;;;;;;;;;;;;;;;;;;;;;;;
#PastiAdaJalan;;;;;;;;;;;;;;;;;;;;;;;
[16/10/23, 16.55.55] â€ª+62Â 812â€‘9048â€‘6881â€¬: â€â€â€ª+62Â 812â€‘9048â€‘6881â€¬;c;ha;nged;th;eir;phone;n;umber;to;a;new;number.;â€Tap;to;m;essage;or;a;dd;t;he;new;number.
[16/10/23, 22.40.17] ~â€¯Hadi: â€â€~â€¯Hadi changed their phone number to a new num;be;r.;â€;Tap;to;messa;ge;or a;dd;th;e ne;w number;.;;;;;;;;;;
[27/10/23, 16.36.08] ~â€¯Offianda RC: â€This message was deleted.;;;;;;;;;;;;;;;;;;;;;;;
â€[28/10/23, 10.05.55] ~â€¯babah: â€image omitted;;;;;;;;;;;;;;;;;;;;;;;
[31/10/23, 11.36.46] ~â€¯ADRIAN: â€â€~â€¯ADRIAN changed their phone number to a new;n;um;ber.;â€;Ta;p to m;es;sage;or;ad;d th;e new nu;mber.;;;;;;;;;;
[10/11/23, 19.37.24] Alif KMF: Assalamualaikum mentee FKI 2022;;;;;;;;;;;;;;;;;;;;;;;
;;;;;;;;;;;;;;;;;;;;;;;
Kami meminta maaf atas keterlambatan dalam pembuatan sertifikat kelulusan mentoring k;ar;en;a ma;sih;ad;a faku;lt;as ya;ng;ma;sih;bermasal;ah terk;ait;p;enilai;an;me;nt;or;in;g.;
;;;;;;;;;;;;;;;;;;;;;;;
Jadi, tolong tunggu informasi dari kami lebih lanjut, dan kalau bisa jangan keluar da;ri;g;rup;ini;sa;mpai s;er;tifik;at;ny;a ja;di yaa;;;;;;;;;;;
;;;;;;;;;;;;;;;;;;;;;;;
Terimakasih â€<This message was edited>;;;;;;;;;;;;;;;;;;;;;;;
[10/11/23, 19.37.58] Adinda Informatika 22 kry: Wa'alaikumussalam warahmatullahi waba;ra;ka;tuh,;ba;ik;terima;ka;sih m;as;;;;;;;;;;;;;;
[10/11/23, 19.38.16] ~â€¯Nadiaa: Wa'alaikumussalam warahmatullahi wabarakatuh, baik t;er;im;akas;ih;mas;;;;;;;;;;;;;;;;;;
[10/12/23, 20.14.43] Alif KMF: ğŸ”Š *PENGUMUMAN SERTIFIKAT KELULUSAN MENTORING AIK UM;S;20;22-Feb;23;* ğ;Ÿ”Š;;;;;;;;;;;;;;;;;
;;;;;;;;;;;;;;;;;;;;;;;
Ditujukan kepada : *Mentee Mentoring Universitas Muhammadiyah Surakarta Tahun 2022/20;23;*;;;;;;;;;;;;;;;;;;;;;
;;;;;;;;;;;;;;;;;;;;;;;
â€¢â”ˆâ”ˆâ”ˆâ”ˆâ”ˆâ”ˆâ€¢â€ââœ¿ââ€â€¢â”ˆâ”ˆâ”ˆâ”ˆâ”ˆâ€¢;;;;;;;;;;;;;;;;;;;;;;;
;;;;;;;;;;;;;;;;;;;;;;;
_Ø§Ù„Ø³Ù„Ø§Ù… Ø¹Ù„ÙŠÙƒÙ… Ùˆ Ø±Ø­Ù…Ø© Ø§Ù„Ù„Ù‡ Ùˆ Ø¨Ø±ÙƒØ§ØªÙ‡_;;;;;;;;;;;;;;;;;;;;;;;
;;;;;;;;;;;;;;;;;;;;;;;
_Bismillahirrahmanirrahim. Alhamdulillah_ telah selesai seluruh kegiatan mentoring ta;hu;n;2022;/20;23.;Kami;me;nguca;pka;n;sela;mat kepa;da para;me;nt;ee yan;g t;el;ah;d;in;yata;kan LULUS dan untuk yang belum lulus, tetap SEMANGAT belajar kembali. Semoga ilmu yang sudah didapatkan selama mentoring dapat menjadi bekal untuk menjalankan kehidupan sebagai muslim sejati. *Berikut kami informasikan E-SERTIFIKAT KELULUSAN MENTORING 2022/2023.*
;;;;;;;;;;;;;;;;;;;;;;;
*ğŸ–‡ï¸ TAUTAN E-SERTIFIKAT MENTORING 2022/2023*;;;;;;;;;;;;;;;;;;;;;;;
https://bit.ly/SERTIFIKATMENTEEMENTORING2023;;;;;;;;;;;;;;;;;;;;;;;
;;;;;;;;;;;;;;;;;;;;;;;
*â€¼ï¸Mohon mentee segera mengunduh dan menyimpan dengan baik untuk kebutuhan perkul;ia;ha;n. M;enj;aga;dari;ha;l-hal;ya;ng;tid;ak diing;inkan.â;€¼ï;¸;*;;;;;;;
;;;;;;;;;;;;;;;;;;;;;;;
*ğŸ“CATATAN:ğŸ“*;;;;;;;;;;;;;;;;;;;;;;;
*1. Mohon setiap mentee memeriksa kembali sertifikat yang terdiri dari kelengkapan na;ma;l;engk;ap,;NI;M, fak;ul;tas,;hal;ak;ah,;dan nila;i.*;;;;;;;;;;
*2. Hanya nilai A dan B yang dinyatakan LULUS.*;;;;;;;;;;;;;;;;;;;;;;;
*3. Apabila ada pengaduan silakan mengisi gform https://bit.ly/pengaduansertifmentori;ng;d;enga;n r;ent;ang wa;kt;u 10;-1;7;Dese;mber 202;3.*;;;;;;;;;;
;;;;;;;;;;;;;;;;;;;;;;;
Atas perhatiannya, kami sampaikan terima kasihÂ ğŸ™ğŸ»;;;;;;;;;;;;;;;;;;;;;;;
;;;;;;;;;;;;;;;;;;;;;;;
â€¢â”ˆâ”ˆâ”ˆâ”ˆâ”ˆâ”ˆâ€¢â€ââœ¿ââ€â€¢â”ˆâ”ˆâ”ˆâ”ˆâ”ˆâ€¢;;;;;;;;;;;;;;;;;;;;;;;
;;;;;;;;;;;;;;;;;;;;;;;
_Jazaakumullahu khairan katsiran_;;;;;;;;;;;;;;;;;;;;;;;
;;;;;;;;;;;;;;;;;;;;;;;
_Baarakallahu fiikum_;;;;;;;;;;;;;;;;;;;;;;;
;;;;;;;;;;;;;;;;;;;;;;;
_Ùˆ Ø§Ù„Ø³Ù„Ø§Ù… Ø¹Ù„ÙŠÙƒÙ… ÙˆØ±Ø­Ù…Ø© Ø§Ù„Ù„Ù‡ Ùˆ Ø¨Ø±ÙƒØ§ØªÙ‡_;;;;;;;;;;;;;;;;;;;;;;;
;;;;;;;;;;;;;;;;;;;;;;;
â€¢â”ˆâ”ˆâ”ˆâ”ˆâ”ˆâ”ˆâ€¢â€ââœ¿ââ€â€¢â”ˆâ”ˆâ”ˆâ”ˆâ”ˆâ€¢;;;;;;;;;;;;;;;;;;;;;;;
;;;;;;;;;;;;;;;;;;;;;;;
ğŸ“¡ Presented by;;;;;;;;;;;;;;;;;;;;;;;
KMP (Koordinator Mentoring Pusat);;;;;;;;;;;;;;;;;;;;;;;
;;;;;;;;;;;;;;;;;;;;;;;
â–â–â–â–â–â–â–â–â–â–â–â–;;;;;;;;;;;;;;;;;;;;;;;
ğŸ”  ```JOIN WITH OUR SOCIAL MEDIA```;;;;;;;;;;;;;;;;;;;;;;;
ğŸ“§ Surel : mentoring@ums.ac.id;;;;;;;;;;;;;;;;;;;;;;;
ğŸ“¸ IG : @mentoringums;;;;;;;;;;;;;;;;;;;;;;;
ğŸ“² Tiktok : mentoringums;;;;;;;;;;;;;;;;;;;;;;;
ğŸ“YT : Tv Mentoring;;;;;;;;;;;;;;;;;;;;;;;
ğŸ“½ï¸ Spotify : Mentoring Podcast;;;;;;;;;;;;;;;;;;;;;;;
ğŸŒ Website : lppik.ums.ac.id;;;;;;;;;;;;;;;;;;;;;;;
â–â–â–â–â–â–â–â–â–â–â–â–;;;;;;;;;;;;;;;;;;;;;;;
[10/12/23, 20.15.45] Alif KMF: E-sertif nya disimpan baik baik ya man teman;;;;;;;;;;;;;;;;;;;;;;;
[10/12/23, 20.19.32] ~â€¯Inandra: baik terimakasih mas;;;;;;;;;;;;;;;;;;;;;;;
[11/12/23, 13.23.36] Alif KMF: Assalamualaikum man teman;;;;;;;;;;;;;;;;;;;;;;;
Mau tanya dong;;;;;;;;;;;;;;;;;;;;;;;
Untuk Baitul Arqam kemarin jika mahasiswa tidak masuk sehari apakah memengaruhi di pe;ni;la;ian;ata;u l;angsun;g;di ki;ck;da;n ik;ut klote;r selan;jut;ny;a atau;ba;ga;im;an;a?;;
Minta tolong dijawab dong soal nya ada angkatan 23 yang bertanya;;;;;;;;;;;;;;;;;;;;;;;
[11/12/23, 13.24.47] ~â€¯Inandra: kick;;;;;;;;;;;;;;;;;;;;;;;
[11/12/23, 13.24.57] ~â€¯Inandra: nek emg raiso ngganti;;;;;;;;;;;;;;;;;;;;;;;
[11/12/23, 13.25.00] Alif KMF: Rill kah?;;;;;;;;;;;;;;;;;;;;;;;
[11/12/23, 13.25.06] ~â€¯dhia: ikut kloter selanjutnya klo dulu;;;;;;;;;;;;;;;;;;;;;;;
[11/12/23, 13.25.07] Pandu TI 22: Kick ğŸ¦¿;;;;;;;;;;;;;;;;;;;;;;;
[11/12/23, 13.25.09] Sulthon TI 22: Rill;;;;;;;;;;;;;;;;;;;;;;;
[11/12/23, 13.25.18] ~â€¯[ğŸ®] Bara: Kick dan ikut kloter berikutnya, telat absen sh;ol;at;pag;i a;ja;kena k;ic;k â€;<Th;is;mes;sage was;edited;>;;;;;;;;;
[11/12/23, 13.25.34] ~â€¯ca: Ada izinnya gak? Kalo gak ada ya langsung di kick tapi k;al;o;ada;di;tar;o klot;er;sela;nju;tn;ya;;;;;;;;;;;;
[11/12/23, 13.25.35] Pandu TI 22: Rill;;;;;;;;;;;;;;;;;;;;;;;
[11/12/23, 13.25.46] mustofa ti 22: Rill cuy;;;;;;;;;;;;;;;;;;;;;;;
[11/12/23, 13.25.59] Pandu TI 22: Nek enek keloter selanjut e tapi;;;;;;;;;;;;;;;;;;;;;;;
[11/12/23, 13.26.20] mustofa ti 22: Posisi kloter terakhir ğŸ’€;;;;;;;;;;;;;;;;;;;;;;;
[11/12/23, 13.27.09] ~â€¯Inandra: sama aja kick ikut kloter selanjutnyağŸ˜­;;;;;;;;;;;;;;;;;;;;;;;
â€[11/12/23, 13.27.46] Robi TI 22: â€sticker omitted;;;;;;;;;;;;;;;;;;;;;;;
â€[11/12/23, 13.28.30] Adinda Informatika 22 kry: â€sticker omitted;;;;;;;;;;;;;;;;;;;;;;;
[11/12/23, 13.28.35] Alif KMF: Oke oke makasih;;;;;;;;;;;;;;;;;;;;;;;
â€[11/12/23, 13.34.01] ~â€¯Otetz: â€sticker omitted;;;;;;;;;;;;;;;;;;;;;;;
[20/12/23, 19.23.38] â€ª+62Â 858â€‘2364â€‘8968â€¬: â€â€â€ª+62Â 858â€‘2364â€‘8968â€¬;c;ha;nged;th;eir;phone;n;umber;to;a;new;number.;â€Tap;to;m;essage;or;a;dd;t;he;new;number.
[05/02/24, 09.34.58] Alif KMF: ğŸ”Š *PENGUMUMAN* ğŸ”Š;;;;;;;;;;;;;;;;;;;;;;;
;;;;;;;;;;;;;;;;;;;;;;;
Ditujukan kepada : *Pengurus, Mentor, dan Mentee Mentoring Universitas Muhammadiyah S;ur;ak;arta;Ta;hun;2022/;20;23*;;;;;;;;;;;;;;;
;;;;;;;;;;;;;;;;;;;;;;;
â€¢â”ˆâ”ˆâ”ˆâ”ˆâ”ˆâ”ˆâ€¢â€ââœ¿ââ€â€¢â”ˆâ”ˆâ”ˆâ”ˆâ”ˆâ€¢;;;;;;;;;;;;;;;;;;;;;;;
;;;;;;;;;;;;;;;;;;;;;;;
_Ø§Ù„Ø³Ù„Ø§Ù… Ø¹Ù„ÙŠÙƒÙ… Ùˆ Ø±Ø­Ù…Ø© Ø§Ù„Ù„Ù‡ Ùˆ Ø¨Ø±ÙƒØ§ØªÙ‡_;;;;;;;;;;;;;;;;;;;;;;;
;;;;;;;;;;;;;;;;;;;;;;;
Untuk menindaklanjutkan terkait hal-hal yang berkaitan dengan *SERTIFIKAT MENTORING*,;m;ak;a ka;mi;hen;dak me;ng;infor;mas;ik;an m;engenai;*TAUTAN;_D;RI;VE_ E-;SER;TI;FI;KA;T;PENG;URUS, MENTOR, DAN MENTEE*. Silakan unduh sertifikat sesuai dengan peran yang telah dijalankan.
;;;;;;;;;;;;;;;;;;;;;;;
1ï¸âƒ£ *SERTIFIKAT PENGURUS PERIODE 2022/2023*;;;;;;;;;;;;;;;;;;;;;;;
â–«ï¸https://bit.ly/SertifikatPengurusMentoringUMS20222023;;;;;;;;;;;;;;;;;;;;;;;
;;;;;;;;;;;;;;;;;;;;;;;
2ï¸âƒ£ *SERTIFIKAT MENTOR PERIODE 2022/2023*;;;;;;;;;;;;;;;;;;;;;;;
â–«ï¸https://bit.ly/SertifikatMentorMentoringUMS20222023;;;;;;;;;;;;;;;;;;;;;;;
;;;;;;;;;;;;;;;;;;;;;;;
3ï¸âƒ£ *DATA KELULUSAN MENTEE PERIODE 2022/2023*;;;;;;;;;;;;;;;;;;;;;;;
â–«ï¸https://bit.ly/DataKelulusanMentoringUMS2022-2023;;;;;;;;;;;;;;;;;;;;;;;
;;;;;;;;;;;;;;;;;;;;;;;
4ï¸âƒ£ *SERTIFIKAT MENTEE PERIODE 2022/2023*;;;;;;;;;;;;;;;;;;;;;;;
â–«ï¸https://bit.ly/SertifikatMenteeMentoringUMS2022-2023;;;;;;;;;;;;;;;;;;;;;;;
;;;;;;;;;;;;;;;;;;;;;;;
5ï¸âƒ£ *DAFTAR KELULUSAN MENTEE MENTORING SPESIAL PERIODE 2022/2023*;;;;;;;;;;;;;;;;;;;;;;;
â–«ï¸https://bit.ly/DaftarKelulusanMenteeMentoringSpesialUMS2022-2023;;;;;;;;;;;;;;;;;;;;;;;
;;;;;;;;;;;;;;;;;;;;;;;
â€¢â”ˆâ”ˆâ”ˆâ”ˆâ”ˆâ”ˆâ€¢â€ââœ¿ââ€â€¢â”ˆâ”ˆâ”ˆâ”ˆâ”ˆâ€¢;;;;;;;;;;;;;;;;;;;;;;;
;;;;;;;;;;;;;;;;;;;;;;;
ğŸ“Œ *CATATAN :*;;;;;;;;;;;;;;;;;;;;;;;
*Jika TIDAK TERDAPAT NAMA dalam TAUTAN _DRIVE_ sertifikat _MENTEE_, tetapi sudah LULU;S,;s;ilak;an;DAT;ANG ke;K;ANTOR;KO;OR;DINA;TOR MENT;ORING P;USA;T;yang b;era;da;d;i;BA;WAH;MASJID HJ. SUDALMIYAH RAIS dengan menunjukkan BUKTI KELULUSAN.*
;;;;;;;;;;;;;;;;;;;;;;;
â€¢â”ˆâ”ˆâ”ˆâ”ˆâ”ˆâ”ˆâ€¢â€ââœ¿ââ€â€¢â”ˆâ”ˆâ”ˆâ”ˆâ”ˆâ€¢;;;;;;;;;;;;;;;;;;;;;;;
;;;;;;;;;;;;;;;;;;;;;;;
*[MENTOR = PENGAJAR]*;;;;;;;;;;;;;;;;;;;;;;;
*[MENTEE = MAHASISWA HALAQAH]*;;;;;;;;;;;;;;;;;;;;;;;
;;;;;;;;;;;;;;;;;;;;;;;
â€¢â”ˆâ”ˆâ”ˆâ”ˆâ”ˆâ”ˆâ€¢â€ââœ¿ââ€â€¢â”ˆâ”ˆâ”ˆâ”ˆâ”ˆâ€¢;;;;;;;;;;;;;;;;;;;;;;;
;;;;;;;;;;;;;;;;;;;;;;;
_Jazaakumullahu khairan katsiran_;;;;;;;;;;;;;;;;;;;;;;;
;;;;;;;;;;;;;;;;;;;;;;;
_Baarakallahu fiikum_;;;;;;;;;;;;;;;;;;;;;;;
;;;;;;;;;;;;;;;;;;;;;;;
_Ùˆ Ø§Ù„Ø³Ù„Ø§Ù… Ø¹Ù„ÙŠÙƒÙ… ÙˆØ±Ø­Ù…Ø© Ø§Ù„Ù„Ù‡ Ùˆ Ø¨Ø±ÙƒØ§ØªÙ‡_;;;;;;;;;;;;;;;;;;;;;;;
;;;;;;;;;;;;;;;;;;;;;;;
â€¢â”ˆâ”ˆâ”ˆâ”ˆâ”ˆâ”ˆâ€¢â€ââœ¿ââ€â€¢â”ˆâ”ˆâ”ˆâ”ˆâ”ˆâ€¢;;;;;;;;;;;;;;;;;;;;;;;
;;;;;;;;;;;;;;;;;;;;;;;
ğŸ“¡ Presented by;;;;;;;;;;;;;;;;;;;;;;;
KMP (Koordinator Mentoring Pusat);;;;;;;;;;;;;;;;;;;;;;;
;;;;;;;;;;;;;;;;;;;;;;;
â–â–â–â–â–â–â–â–â–â–â–â–;;;;;;;;;;;;;;;;;;;;;;;
ğŸ”  ```JOIN WITH OUR SOCIAL MEDIA```;;;;;;;;;;;;;;;;;;;;;;;
ğŸ“§ Surel : mentoring@ums.ac.id;;;;;;;;;;;;;;;;;;;;;;;
ğŸ“¸ IG : @mentoringums;;;;;;;;;;;;;;;;;;;;;;;
ğŸ“² Tiktok : mentoringums;;;;;;;;;;;;;;;;;;;;;;;
ğŸ“YT : Tv Mentoring;;;;;;;;;;;;;;;;;;;;;;;
ğŸ“½ï¸ Spotify : Mentoring Podcast;;;;;;;;;;;;;;;;;;;;;;;
ğŸŒ Website : lppik.ums.ac.id;;;;;;;;;;;;;;;;;;;;;;;
â–â–â–â–â–â–â–â–â–â–â–â–;;;;;;;;;;;;;;;;;;;;;;;
[05/02/24, 09.35.35] Alif KMF: Assalamualaikum teman teman;;;;;;;;;;;;;;;;;;;;;;;
Kalau di sertifikat ada kesalahan nama dan nim bisa lapor ke aku ya;;;;;;;;;;;;;;;;;;;;;;;
[05/02/24, 09.39.14] Alif KMF: Saya tunggu 1x24 jam;;;;;;;;;;;;;;;;;;;;;;;
[05/02/24, 09.40.44] ~â€¯revito pradipa: ok;;;;;;;;;;;;;;;;;;;;;;;
[05/02/24, 09.41.31] ~â€¯Inandra: malas;;;;;;;;;;;;;;;;;;;;;;;
â€[05/02/24, 09.42.36] Alif KMF: â€sticker omitted;;;;;;;;;;;;;;;;;;;;;;;
â€[05/02/24, 09.42.44] Alif KMF: â€sticker omitted;;;;;;;;;;;;;;;;;;;;;;;
â€[05/02/24, 09.42.48] Alif KMF: â€sticker omitted;;;;;;;;;;;;;;;;;;;;;;;
â€[05/02/24, 09.45.38] ~â€¯revito pradipa: â€sticker omitted;;;;;;;;;;;;;;;;;;;;;;;
â€[05/02/24, 09.46.14] ~â€¯Inandra: â€sticker omitted;;;;;;;;;;;;;;;;;;;;;;;
[08/02/24, 02.37.13] ~â€¯jek: â€â€~â€¯jek changed their phone number to a new numbe;r.;â;€Ta;p t;o m;essage;o;r add;th;e;new;number.;;;;;;;;;;;
[08/02/24, 08.21.28] ~â€¯aisyah: â€â€~â€¯aisyah changed their phone number to a new;n;um;ber.;â€;Ta;p to m;es;sage;or;ad;d th;e new nu;mber.;;;;;;;;;;
[09/02/24, 02.10.40] â€ª+62Â 813â€‘9365â€‘0877â€¬: â€â€â€ª+62Â 813â€‘9365â€‘0877â€¬;c;ha;nged;th;eir;phone;n;umber;to;a;new;number.;â€Tap;to;m;essage;or;a;dd;t;he;new;number.
[09/02/24, 22.38.44] Alif KMF: Assalamualaikum;;;;;;;;;;;;;;;;;;;;;;;
Aku ingatin lagi nggeh, kalau sertifikat kelulusan kalian ada kesalahan nama/nim bisa;j;ap;ri k;e a;ku;ya, un;tu;k per;bai;ka;n.;;;;;;;;;;;;
;;;;;;;;;;;;;;;;;;;;;;;
Aku tunggu 1x24 jam. Makasihhh;;;;;;;;;;;;;;;;;;;;;;;
[12/03/24, 22.17.19] ~â€¯~Gray~: â€â€~â€¯~Gray~ changed their phone number to a new;n;um;ber.;â€;Ta;p to m;es;sage;or;ad;d th;e new nu;mber.;;;;;;;;;;
[17/03/24, 04.33.30] â€ª+62Â 858â€‘2384â€‘5369â€¬: â€â€â€ª+62Â 858â€‘2384â€‘5369â€¬;c;ha;nged;th;eir;phone;n;umber;to;a;new;number.;â€Tap;to;m;essage;or;a;dd;t;he;new;number.
[28/03/24, 04.22.18] Faiz TI 22: â€â€Faiz TI 22 changed their phone number to a new;n;um;ber.;â€;Ta;p to m;es;sage;or;ad;d th;e new nu;mber.;;;;;;;;;;
[18/04/24, 14.37.25] ~â€¯Afrizal: â€â€~â€¯Afrizal changed their phone number to a n;ew;n;umbe;r.;â€;Tap to;m;essag;e o;r;add;the new;number.;;;;;;;;;;
[19/04/24, 23.04.01] â€ª+62Â 812â€‘8835â€‘3998â€¬: â€â€â€ª+62Â 812â€‘8835â€‘3998â€¬;c;ha;nged;th;eir;phone;n;umber;to;a;new;number.;â€Tap;to;m;essage;or;a;dd;t;he;new;number.
[25/04/24, 08.13.44] â€ª+62Â 822â€‘4393â€‘3175â€¬: â€â€â€ª+62Â 822â€‘4393â€‘3175â€¬;c;ha;nged;th;eir;phone;n;umber;to;a;new;number.;â€Tap;to;m;essage;or;a;dd;t;he;new;number.
[29/05/24, 11.17.22] â€ª+62Â 882â€‘0070â€‘22036â€¬: â€â€â€ª+62Â 882â€‘0070â€‘22036â;€¬;c;hang;ed;the;ir pho;ne;numb;er;to;a n;ew numbe;r. â€T;ap;to;messa;ge;or;a;dd;t;he n;ew number.
[29/05/24, 11.25.37] â€ª+62Â 813â€‘3871â€‘0738â€¬: â€â€â€ª+62Â 813â€‘3871â€‘0738â€¬;c;ha;nged;th;eir;phone;n;umber;to;a;new;number.;â€Tap;to;m;essage;or;a;dd;t;he;new;number.
â€[29/05/24, 13.56.55] ~â€¯Rehan: â€image omitted;;;;;;;;;;;;;;;;;;;;;;;
â€[29/05/24, 13.57.51] Adinda Informatika 22 kry: â€sticker omitted;;;;;;;;;;;;;;;;;;;;;;;
â€[05/06/24, 10.34.33] ~â€¯Rehan: â€image omitted;;;;;;;;;;;;;;;;;;;;;;;
[29/08/24, 01.52.58] Firman AM 22: â€â€Firman AM 22 changed their phone number to a;n;ew;num;ber;. â;€Tap;to;mess;age;o;r ad;d the ne;w numbe;r.;;;;;;;;;
[10/09/24, 18.29.18] ~â€¯Fal: â€â€~â€¯Fal changed their phone number to a new numbe;r.;â;€Ta;p t;o m;essage;o;r add;th;e;new;number.;;;;;;;;;;;
[27/09/24, 21.27.22] â€ª+62Â 814â€‘7552â€‘0834â€¬: â€â€â€ª+62Â 814â€‘7552â€‘0834â€¬;c;ha;nged;th;eir;phone;n;umber;to;a;new;number.;â€Tap;to;m;essage;or;a;dd;t;he;new;number.
[28/12/24, 18.21.53] â€ª+62Â 882â€‘0070â€‘22036â€¬: â€â€â€ª+62Â 882â€‘0070â€‘22036â;€¬;c;hang;ed;the;ir pho;ne;numb;er;to;a n;ew numbe;r. â€T;ap;to;messa;ge;or;a;dd;t;he n;ew number.
[06/01/25, 06.10.48] â€ª+62Â 812â€‘2166â€‘1161â€¬: â€â€â€ª+62Â 812â€‘2166â€‘1161â€¬;c;ha;nged;th;eir;phone;n;umber;to;a;new;number.;â€Tap;to;m;essage;or;a;dd;t;he;new;number.
